timestamp_utc,file_hash,file_extension,validation_status,prediction,confidence,opacity_probability,gradcam_available
2026-05-04T14:08:18.514977+00:00,f17a003185299f171440c2cb408c2e5bacea90376971ed81ecc9812465e209fb,jpeg,passed_validation,normal,0.998814,0.001186,True
2026-05-04T14:08:40.308708+00:00,e45ce5caacef8b0af219dc2fa3acb3e1d1b7d401de77208b98f6d5da9ba697a9,jpeg,passed_validation,opacity,0.975530,0.975530,True
2026-05-04T14:10:11.179964+00:00,c8e750c5b8a029a45487d095c6c72912371e8d70f464eb4c340765654cc1ec0a,jpg,failed_validation,skipped,0.000000,0.000000,False
2026-05-04T14:10:33.575839+00:00,0e3a384221b2a05d813b437adcdfb1bc091bd4f0ba5ae55607bd86679e554541,jpg,passed_validation,opacity,0.776306,0.776306,True
2026-05-04T14:31:51.432343+00:00,91c7f600df2e3d325396fcad7f0c86cbee4f9c100c00d77d7c195dcfa6a8e360,jpeg,passed_validation,opacity,0.983096,0.983096,True
2026-05-04T14:32:27.933374+00:00,342ca3555a6a6b81218afec6e7f7ad2f3956deb82b12593fb2561aca53163974,jpeg,passed_validation,normal,0.995781,0.004219,True
2026-05-04T14:33:10.817479+00:00,a1b7e1ef2c7f0fb2dc6a4bb4b662d400fd366fa7942e0458561ad802ff2e19df,jpeg,passed_validation,opacity,0.945520,0.945520,True
2026-05-04T14:34:12.863843+00:00,e45ce5caacef8b0af219dc2fa3acb3e1d1b7d401de77208b98f6d5da9ba697a9,jpeg,passed_validation,opacity,0.975530,0.975530,True
2026-05-04T14:34:36.714239+00:00,904a4402197a4dd87b44a495f3aaef5a61f13c43b959a86c4c3f7ac25a1cbeea,jpeg,passed_validation,opacity,0.979229,0.979229,True
